{
  "status": "completed",
  "results": [
    {
      "domain": "airline",
      "score": 5.0,
      "max_score": 18,
      "pass_rate": 27.77777777777778,
      "task_rewards": {
        "9": 1.0,
        "12": 0.0,
        "14": 0.0,
        "16": 1.0,
        "17": 0.0,
        "18": 1.0,
        "20": 1.0,
        "21": 0.0,
        "22": 0.0,
        "23": 0.0,
        "24": 0.0,
        "25": 1.0,
        "29": 0.0,
        "33": 0.0,
        "35": 0.0,
        "37": 0.0,
        "42": 0.0,
        "44": 0.0
      },
      "time_used": 7078.769282817841
    }
  ],
  "participants": {
    "green": "019cf80f-8938-79c0-a221-4c7eadd43e7e",
    "agent": "019d82f0-1196-76d1-8799-8a92d5ec2928"
  }
}
